titles,category
 유승민 배신자는 탄핵 찬성 의원들 제발 용기를 가지라정치쇼,Politics
한덕수의 거부권 딜레마양곡관리법특검법부터 헌법재판관 임명까지 계속되는 시험대,Politics
김용민 내란 공범들이 어디서 함부로 사과하라 법사위 퇴장,Politics
김어준 한동훈 암살조 등 주장에민주당 상당한 허구 가미,Politics
 김정은 올해도 이곳 참배김정일 주기 기념,Politics
민주 자본시장법 개정 동시 추진 상법 개정과 투트랙,Politics
권성동 그때는 맞고 지금은 그르다,Politics
헌법재판관 후보자들 권한대행이 후보자 임명 헌법 취지에 부합,Politics
은 보수 아닌 극우주의자당 안에 극우 암덩어리 김상욱 직격,Politics
 권성동이재명  탄핵안 가결 후 첫 만남정국 수습 논의현장연결,Politics
속보 나경원 박지원 위원장 선출에 민주당 북치고 장구치고 다 하겠다는 것,Politics
권성동 대통령 중심제 재검토해야이재명 민생 추경해야,Politics
대학 선후배 권성동이재명 공개 발언선 은근 신경전비공개 땐 화기애애,Politics
이재명 권성동 맞아 선배님 한번 안아보자화기애애,Politics
전투 경험 없는 북한군인칭시점 드론에 속수무책드론 보며 멍이현호 기자의 밀리터리톡,Politics
권성동 탄핵소추 철회해야 이재명 정치 복원되길,Politics
노르웨이 등 북유럽서 천무 도입 러브콜,Politics
홍준표 내가 김종인에 복당 부탁 사기꾼과 엮을 생각 마라,Politics
이재명 만난 권성동 야 남발했던 탄핵안 철회개헌 필요,Politics
탄핵심판 지연전략 펼치는 여헌법재판관 임명 동참해야 비판 나와,Politics
관저서 생일 맞은 지지자 꽃바구니는 전달 받아,Politics
홍준표 친한계 의원들 맹폭에한줌도 안 되는 애들 관심 없다,Politics
홍준표 명태균 통해 김종인에게 복당 부탁했다고 명예훼손 고발할 것,Politics
이재명 선배님과 아주 가까운 사이권성동과 첫 회동,Politics
어릴때 옆방쓰던 사이이재명 권성동 만나 누구 제거하려고 싸우면 본인도 불행,Politics
내심 윤석열 셀프 변론 바라는 민주당 결국은 비웃음만 사게 될 것,Politics
이재명 헌정 질서의 신속한 복귀 중요 권성동 정치 공세적 탄핵소추 철회해달라 뉴시스,Politics
여인형  지난해 월 계엄 밖에 없지 않냐고 말해,Politics
이준석 한동훈 다음 대선 나오지 않는 게 좋다실적 없어,Politics
현장영상 박수민 정치적 공세 낮추자는 데 양당 간 공감대 형성,Politics
전문노희범 내란은 중대한 헌법 위반만장일치 탄핵 결정 확신,Politics
정치쇼 박성태 건진 법사폰 안에 꽤 있을 것김용남 캐비닛 연  이 판 끝났다,Politics
권성동 이재명과의 첫 만남에서 장관 탄핵 철회 요구,Politics
뉴스 이재명권성동  탄핵 가결 이후 첫 만남,Politics
국힘 친윤계 비대위원장 등판설 유승민 골로 간다 경고,Politics
여야 헌법재판관 대치임명 강행 권한 벗어나,Politics
이준석 윤석열이 도움 청하면 꼴 좋다 할 것 한동훈도 낚인듯,Politics
김상욱 보수의 배신자는 극우주의자 윤석열,Politics
맞수다 김종혁 여당 중진들 계엄당일 당사서 봐당장악 비현실적,Politics
검찰 이어 공수처 소환도 불응한 공수처  수사 전담,Politics
대통령제 버리자는 권성동이재명 즉답 않고 정치 복원하자,Politics
권성동 남발했던 탄핵안 철회해달라 이재명 민생 위해 추경해야,Politics
이재명 조국 빈 자리 커이른 시일 내 다시 보길,Politics
전문김동아 윤석열 결국 체포될 것 이미 긴급체포 요건은 충분,Politics
권성동 남발했던 탄핵소추 철회 이재명 정치 복원 추경 검토,Politics
오세훈 계엄 반대해도 이재명 대통령 수용 못 하는 국민 많아,Politics
계엄사태에 계약도 지연수출  곳 중 곳 피해,Economic
내년 공시가격 표준주택  표준지  상승,Economic
하이닉스  데이터센터용 고용량  개발테라바이트 용량 자랑,Economic
대리점 거래 만족도불공정 관행 개선 체감 동반 하락,Economic
올해 금융고용복지 복합 지원 만명민간 금융사로 확대,Economic
  제조 공정에  도입 억원 절감,Economic
내년부터 육아휴직 급여 최고 월 만원으로 인상,Economic
계엄 당일 조퇴한  복심 이복현 개인적 사정전혀 몰랐다,Economic
국제무역법원 전기요금 상계관세 특정성 한국 정부 차 승소,Economic
이창용 한은 총재 올해 성장률  예상내년 엔 하방 압력,Economic
코스피 마감너무 뺐나돌아온 외인에 대 반등,Economic
거부권 쓸까 말까 고민 깊어지는  대행 특검법헌법재판관 임명도 계속 검토중,Economic
주년 맞은 시스코코리아 삼성 반도체 사업에 기여,Economic
 미국양자컴퓨팅  상장 분 만에 완판,Economic
비트코인 뚫는다는 양자에 한국도 미국도 주가 들썩,Economic
세척수 혼입 매일유업 개월 영업정지손절 나선 유통업계,Economic
강달러에 제약바이오 기업 희비 관세 영향 제한적,Economic
옷깃만 스쳐도 요동치는 정치인 테마주해외에선 다르다,Economic
밸류업 효과 무색 한국 금융지주 미국서 계엄 후유증 시달려 머니뭐니,Economic
비만 게임체인저 노리는 프로젠 내년 신약성과이전상장 시너지 박차,Economic
 투자기업 자금 회수까지 평균 년 고려아연 장기투자 가능한가,Economic
바다 건너 패션해외  성지될까신세계 하이퍼그라운드,Economic
시노펙스 첨단 반도체필터 생산센터 준공,Economic
바다 건너 패션일본에 뿌리내린 더현대 ,Economic
 하루 앞두고 돌아온 외국인 장 안의 화제,Economic
기준금리  연속 인하 신축 아파트 더샵 속초프라임뷰 선착순 분양 눈길,Economic
헌재  일까지 계엄 국무회의록 제출 요구 내란 사건 공수처 이첩,Economic
마러라고로 달려간 손정의탄핵정국 우리는 앵커리포트,Economic
엔씨소프트 텐센트와 협업해 리니지   진출,Economic
소액주주 반발 큰데 이수페타시스 유증 마이웨이,Economic
니들이 계엄맛을 알아내란버거 출시 요청에 롯데리아 입장 밝혔다,Economic
정용진 회장 마러라고서 트럼프 주니어와 박 일 회동,Economic
트럼프 관세 뻔한데 첫 해외공장 중국에 짓는 삼양식품,Economic
사고 나흘 만에 나온 매일유업 사과문 한양경제,Economic
현대중공업 최신예 호위함 충남함 조기 인도,Economic
계엄 불똥 튄 롯데리아 당혹 계엄 버거 안 만든다,Economic
역사 속으로 사라질 준비미중일  서비스 종료 한국은,Economic
목동 재건축 불붙었다단지 최고 층 가구로 탈바꿈,Economic
의사 명 뽑는 강원대병원소아 진료 가능한지 의문 무슨 일,Economic
국내 치열 보험사 해외 시장에 힘준다조직 확대신규 진출 모색,Economic
개천의 용은 명 중 명뿐소득 이동성 정체,Economic
단독주택 공시가 위 이명희 회장 위는 이해욱 회장,Economic
금융위 연말 보험카드 정책 밀어내기곳곳 파열음,Economic
셀트리온 내년 월 서 스테키마 출시조 시장 공략,Economic
반지 하나에 만개 코인이 담기네텐잼 링 직접 껴봤더니,Economic
 추격 확인한 전자  강조최악 고려해 극복,Economic
헌재  계엄 국무회의 회의록 일까지 제출하라보,Social
전현직 정보사령관 햄버거집서 계엄 모의경찰  확보,Social
영상 윤 대통령 어깨에 손 얹고 김건희 여사 회사 고문 명함도체포된 건진법사 누구,Social
선거법 위반 홍남표 창원시장 항소심 징역형 선고,Social
 내란죄 수사 경쟁하던 검경 검찰이 양보한 배경은,Social
매일유업 세척수 혼입 확인한 식약처행정처분 요청,Social
경남정보대 동물보건사 년 완전인증 획득,Social
 허위 재산 신고 혐의 김남국에 징역 개월 구형,Social
불법 촬영 혐의 황의조 심 선고 앞두고 억 원 기습 공탁,Social
검찰  전 대통령 사건 탄핵 상황 무관하게 수사,Social
평창지구대 안길명 대장 퇴근 후 야간 순찰 중 좀도둑 잡아,Social
번째 생일 맞은  대통령 지지자들 꽃바구니 전달,Social
비상계엄 사전 모의 햄버거집 회동 노상원 구속영장심사 포기,Social
선거법 위반 창원시장 당선무효형불출마 대가 공직 제안종합,Social
단독경찰 공수처에 비상계엄 수사 경찰 파견,Social
단독 롯데리아 계엄 모의 노상원 계엄 뒤 휴대전화 교체경찰 증거인멸 정황,Social
홍준표 김종인에 복당 부탁했다고 명태균 명예훼손으로 고발,Social
후보 매수 혐의 홍남표 창원시장 항소심서 당선무효형 선고,Social
반려견 짖는다며 이웃 때리고 죽이겠다 협박까지 한 대 집행유예,Social
춘천 산불 시간 만에 꺼져가마솥 불티 비화 추정,Social
 비상계엄 체포 명단 직접 썼나평소 문제 있다던 사람들,Social
아이유 이 아 한번 돼봐라  유튜버 아이유  신고 욕설 영상 충격,Social
김종인에게 부탁 내 복당은 이준석이 해줘홍준표 명태균 주장 반박,Social
계엄사태 소설로 이해해볼까한강 소년이 온다 찾는 독자 늘어,Social
기획경기북부지역 획기적 광역철도 시대 열리나잇따라 개통 착공,Social
속보국회의장 권한대행 국회 선출 헌법재판관 인 임명하는 게 합당,Social
영상 윤 대통령 어깨에 손 얹고 김건희 여사 회사 고문 명함도체포된 건진법사 누구,Social
아내 살인 미국변호사 항소심도 징역 년반성 의문,Social
속보 보좌관 성추행 혐의 박완주 전 의원 심서 징역 년 법정구속,Social
여인형 체포명단 이 문제있다 언급했던 사람들 진술,Social
현직 경찰관 성매매처벌법 위반으로 검찰 송치,Social
내년 봄 김해 봉하뜰서 황새 부화에 성공할 수 있을까,Social
내가 아이유 에 신고 돼봐라 욕설한 미국인 유튜버 왜,Social
물틀어 놓은 욕조에 자녀만 두고 외출한 아빠 딸 결국 익사,Social
코스피 오르는 그날까지 세일합니다라멘커피고깃집 사장님의 이색 영업,Social
홍준표 명태균에 통해 김종인에 복당 부탁 허위 사실,Social
아트센터 나비 보조금 횡령 의혹환수위 노소영 관장 정조준,Social
현대 톤급 호위함 충남함 해군에 조기 인도,Social
탄핵도 빨리빨리 외신이 본  계엄정국,Social
경찰 공수처에 여인형 비화폰 압색 영장 신청첫 사례,Social
마약 사범 입 맞추기 적발철저한 조사로 위증 막은 검찰,Social
아내 살해 전 국회의원 아들 심도 징역 년 반성 의문,Social
여기가 거기야 계엄 성지된 롯데리아정보사령관 뭐 시켰나,Social
모바일 신분증 발급 만 건 돌파운전면허는 명 중 명이 모바일로,Social
보좌관 성추행 박완주 전 의원 징역 년 선고법정 구속,Social
탄핵 집회 선결제 누가 했나 봤더니고등학생과 대학생들,Social
수지김연아 이어 김태리 전세계에 한복의 미 알린다,Culture
이번 겨울 최고 추위  한파서해안울릉도독도 대설특보,Culture
음악저작권 금융화 저작권의 정당한 가치평가 기회 조원 규모 시장 전망,Culture
티맵 오토 벤츠 차량에 탑재 세대 에 맞춤 설계,Culture
문체부 관광업계와 관광시장 안정화 대책 논의시장 변화 신속 대응,Culture
도 인사 유인촌 장관 국민 여러분께 진심으로 사죄,Culture
음악패션방송년 콘텐츠 수출 기상도 발표,Culture
영종도 모히건 오로라 신박한 카운트다운,Culture
날씨 밤사이 동해안 폭설내일 아침까지 추위 계속,Culture
복잡한 길 찾아 운전하는 사람 치매 덜 걸린다,Culture
피부 밖으로 툭 튀어나온 막대기 여성 이 시술 부작용 충격 뭐길래,Culture
술 마시면 체온 급격히 떨어져 올겨울 최강 추위에 저체온증 주의보,Culture
건강 적신호 제이제이 소변에 이것 섞여 나와 혈뇨 유발 원인은,Culture
제주날씨 한라산에 대설특보 하루 새   쌓여,Culture
날씨 경기강원 한파특보해안가 중심 최대  대설,Culture
배우 유태오 부친상아내 니키리와 독일,Culture
토요타 서 천만원대 전기차 출시저가 경쟁 가속화,Culture
유인촌 비상계엄 잘못된 것국무위원으로서 진심 사죄,Culture
유인촌 한예종 계엄 폐쇄 지시 안했다독립기관 전환 검토,Culture
한영 요즘 유행 다이어트 피자 너무 맛있다 뭐 넣었나 보니,Culture
파주양주 고속 일 개통수도권 제순환선  완성,Culture
목요일 아침에도 강추위 낮부터 평년 기온 회복울릉도독도전라권제주에 대설특보,Culture
고개 숙인 유인촌 계엄 잘못된 것한예종 폐쇄 관여 안 해,Culture
아시아나 항공동맹 탈퇴 수순마일리지 불편 가중,Culture
국회의장 한덕수 권한대행 국회 선출 헌법재판관 인 임명하는 게 합당,Culture
흑인이 된 중국동포우리 안의 인종주의,Culture
쯔양 칼로리 폭탄 이 음식 그릇 뚝딱 그래도 살 안 찌는 이유,Culture
알츠하이머 치료제 개발되나원인물질 제거 기전 밝혀져,Culture
쓰던 것 발랐을 뿐인데 이것 확인 안 했더니 얼굴 붓고 진물까지 무슨 일,Culture
마른 이유 있었네 나나 조식으로 먹은 음식 뭐였을까,Culture
항문 수술 왜 이렇게 많아 최악의 생활 습관은,Culture
택시 기사는 왜 알츠하이머 사망률이 낮을까,Culture
고개 숙인 유인촌 계엄은 잘못된 것한예종 폐쇄 관여 안해종합,Culture
유인촌 국무위원으로서 비상계엄 사태 진심으로 사죄,Culture
유인촌 문체부 장관 비상계엄 잘못된 것 고개 숙여 사과,Culture
날씨 본격 겨울 추위경기 북부강원 한파특보 해안가 대설,Culture
유인촌 멋지게 일할 수 있었는데계엄은 잘못된 것종합,Culture
유인촌 계엄 선포 잘못된 것 사과한예종 폐쇄령도 해명,Culture
날씨체크 중간이 없는 년 날씨영하권 추위에 칼바람까지,Culture
제주날씨 초속  찬바람 쌩쌩 저녁부터 체감온도 영하권,Culture
해바라기 오일에 독성이 복지장관 지명자 주장 살펴봤더니,Culture
날씨 낮에도 영하권 체감 추위밤사이 동해안 폭설,Culture
 쌍둥이 각각 육식 채식 주 도전 결과에서 가장 큰 차이점 뭔가 보니,Culture
강원 산지 도 올겨울 최저내일까지 강추위,Culture
네타냐후 이스라엘 총리 시리아 새 점령지 전격 방문,World
중국엔 칼날 일본엔 손 내민 트럼프한국은 패싱,World
속보 당국자 러 쿠르스크 전투서 북한군 수백명 사상,World
 혼다닛산 합병 초읽기성사시 현대차 제치고 세계 위,World
개월 이어진 총성 가자 휴전 가능할까 조심스런 낙관,World
중국 우주비행사 명 시간 우주유영세계 최장 기록 경신,World
남태평양 섬나라 바누아투 근해서  강진교량 붕괴산사태,World
다우 일째 하락권성동이재명 오늘 만난다 모닝브리핑,World
계엄선포부터 탄핵가결까지 외신도 놀랐다,World
 금리만큼 주목되는 일 일본 금리이달  유지 전망,World
 우주 비행사들 시간 동안 밖에서 둥둥 세계 최장 기록 경신,World
트럼프 취임 임박하자 의회도 우크라에 등 돌렸다,World
 세번째 항모 푸젠함 최근 첫 함재기 이착륙 시험한 듯,World
서 세기 들어 사형된 고위급 최소 명대부분 부패 문제,World
트럼프 이시바와 회동가능 언급에도 방위비 부담에 신중론,World
세계 위 현대차기아 위로 밀리나일본 혼다닛산 합병 협상,World
연준 트럼프와 전면충돌 가능성금리인하 속도조절이 가늠자,World
를 초대에어린 시절 괴롭힘당하던 대 어르신의 반전,World
하루 남은 트럼프 복귀 고려해야 하는 연준 금리 인하할까,World
계엄도 탄핵도 빨리빨리하는 한국 문화에 외신도 놀랐다,World
네타냐후 시리아 영토 내 헤르몬산 정상 찾아 무기한 점령 시사,World
트럼프 향해 달려가는 빅테크 들대항복의 시대,World
머스크 영국 정권까지 흔드나극우정당과 만남 기부 고려,World
독일 업계 더 추운 겨울 온다트럼프 미국로 돼야 엄포,World
외신 한국 빨리빨리 문화 덕에 탄핵안도 주만에 가결,World
러시아 하원 테러단체 지정 해제 법안 통과탈레반 합법정부 인정 길 여나,World
중국 음속 배 램제트 엔진 근두운 시험비행 성공,World
설리번 비상계엄에 한국 민주제도 꺾여도 버텨내,World
외신의 감탄 빨리 빨리 의 민족 윤 대통령 탄핵까지 빠르게,World
자려고 누웠는데 베개 아래에 뱀이 떡하니 여성 경악,World
저가 철강 막자인도 중국에 최대  관세 부과,World
네타냐후 시리아 헤르몬산 올라안보 목적 오래 주둔하겠다,World
너 또 도쿄 여행가 이런 사람 많더니인천도쿄 노선 세계 위로 바빴다,World
기술주 랠리에 나스닥 이번주 리밸런싱 예정,World
결혼식 축의금 기준은 돼지고기 한 근 값,World
러 화생방 책임자 모스크바서 폭발물 터져 사망러 우크라에 보복 예고종합,World
백악관 국가안보보좌관 민주주의 꺾여도 버텨내느냐가 관건한국은 버티고 있다,World
속보 블룸버그 한국 빨리빨리 문화 탄핵가결에 도움줬다시민사회 조명,World
로이터 가자전쟁 휴전협상 곧 타결될 듯하마스 조건 추가하지 않는다면 합의 가능,World
설리번 민주제도 꺾여도 버텨내느냐가 관건 버티고 있어,World
 몇 년 내 기지로 전술핵무기 재배치,World
결혼식 축의금 골머리본질 왜곡,World
트럼프 당선 후 첫 회견서 한국만 빠졌다코리아 패싱 우려도,World
한국 언급없는 트럼프미 전문가 권한대행과 한미 양자 회담은 없을 가능성,World
계엄선포부터 탄핵가결까지 외신도 놀랐다,World
중국 우주비행사 명 시간 우주유영사상 가장 긴 우주 유영 기록 경신,World
한국공학한림원 신임 회장에 윤의준 서울대 특임교수,IT
과기정통부 년  활용한 사이버 공격 늘어날 전망,IT
삼성 갤럭시  개인화 기능 강화데이터 보호 플랫폼도 개발,IT
최지희 시스코코리아 대표 네트워크보안데이터 사업에  적용 확대,IT
테이블카트로 변신 뚝딱 오봇 로봇 디자인대회 최고상,IT
구글 제미나이 시연해보니기사 초안 몇초만에 뚝딱 작성,IT
회 우주항공방산 융합 콘퍼런스 내일 진주서 열려,IT
년대 시장 독점했던 한컴오피스의 추락로 체질개선,IT
머스크는 향후 힘써야 할 곳이 차가 아니라 로봇이라더라,IT
동아에스티 스텔라라 바이오시밀러 이뮬도사 유럽 허가 획득,IT
하이닉스  데이터센터용  개발전송 속도  구현,IT
 혁신상품 꿈의 가전 세탁건조기 이끈 전자워시타워콤보 히트펌프로 차별화,IT
 혁신상품 생성형 폰 시장 선점 주역 갤갤럭시  시대도 열었다,IT
업무용 로 변신한 구글 제미나이 창 전환 없이 이메일 요약문서 작성번역까지,IT
엔씨 리니지  서비스 텐센트샤오밍타이지가 맡는다,IT
모든 업무에 제미나이가구글 한국 협업툴 시장 파고든다,IT
이재명 권성동 만나 조속하게 민생안정 추경 논의,IT
유인촌 비상계엄 잘못한예종 독립예술기관 검토,IT
현대중공업 최신예 호위함 충남함 해군에 인도,IT
년   품은 시스코 보안 사업 강화,IT
머스크 우주 독점 깰까 베이조스 도전에 우주 경쟁 라운드,IT
정부 새해 생성형  악용 공격 본격화디도스 공격도 늘어날 듯,IT
게임 새해 수출 보릿고개 내실 다지기 주력,IT
엔씨소프트 리니지 텐센트 손 잡고  서비스,IT
스택스 탈중앙 비트코인 페그 시스템  메인넷 출시,IT
알스퀘어 계정 해킹 의심외교부 위장 스팸 메일 발송돼,IT
네이버클라우드의 미래 전략 키워드는 클라우드,IT
애플 민주콩고에 반박피 묻은 광물 안 써,IT
모바일 신분증 발급자 만명 돌파,IT
네이처가 꼽은 년 과학 뉴스는,IT
중국 우주비행사 명 시간 우주유영세계 최장 기록 경신,IT
월 평균  쓰셨네요 이 요금제 어때요통신료 추천서비스 나온다,IT
 가입자  미만으로해외는 서비스 종료 추세,IT
유인촌 윤 대통령 계엄 선포 가짜뉴스인 줄,IT
쉴더스 시큐레이어 인수글로벌 진출 본격화,IT
원형 로 특정 질병 유전자 치료 가능성 열어,IT
인플레이션도 소득따라 불평등하게 왔다,IT
정부 반도체양자 등 대 국가전략기술 대표 사업 발굴특례 제공,IT
한컴그룹 임원인사 단행 전환에 방점,IT
위험하니 피해 계세요공사장 출동한 로봇 신호수,IT
미국서 돼지 신장 이식받은 세번째 사례 나와,IT
네이버 완결 웹툰 무료 공개부터 파인다이닝 할인까지,IT
울산의대 교수전공의  의료계엄 해제하고 입시 중단해야종합,IT
온디바이스 산업 키워야 글로벌  주도권 잡는다,IT
